ts_pdc,min_ts,ts_send,ts_patch
1592997893416.0,1592997893312.0,1592997893465.0,1592997895957.8298
1592997895981.0,1592997895912.0,1592997896002.0,1592997899272.213
1592997899268.0,1592997899166.0,1592997899319.0,1592997902404.479
1592997902429.0,1592997902312.0,1592997902448.0,1592997906972.6428
1592997906965.0,1592997906853.0,1592997907021.0,1592997909188.127
1592997909174.0,1592997909112.0,1592997909232.0,1592997911785.325
1592997911806.0,1592997911711.0,1592997911827.0,1592997913016.185
1592997913016.0,1592997912911.0,0,0
1592997913069.0,1592997912957.0,1592997913102.0,1592997914482.616
1592997914502.0,1592997914404.0,1592997914528.0,1592997915700.399
1592997915721.0,1592997915612.0,0,0
1592997915770.0,1592997915686.0,1592997915785.0,1592997917168.0552
1592997917154.0,1592997917103.0,1592997917211.0,1592997918398.145
1592997918420.0,1592997918311.0,1592997918440.0,1592997920248.519
1592997920251.0,1592997920163.0,1592997920291.0,1592997921587.354
1592997921574.0,1592997921511.0,0,0
1592997921622.0,1592997921511.0,0,0
1592997921673.0,1592997921604.0,1592997921715.0,1592997923058.5999
1592997923038.0,1592997922941.0,0,0
1592997923090.0,1592997923011.0,0,0
1592997923143.0,1592997923077.0,1592997923183.0,1592997924656.398
1592997924672.0,1592997924534.0,1592997924701.0,1592997927180.021
1592997927172.0,1592997927111.0,1592997927223.0,1592997931071.7249
1592997931068.0,1592997930979.0,0,0
1592997931119.0,1592997931011.0,0,0
1592997931171.0,1592997931111.0,1592997931198.0,1592997933172.029
1592997933170.0,1592997933102.0,1592997933216.0,1592997935491.801
1592997935522.0,1592997935411.0,1592997935535.0,1592997937184.1482
1592997937211.0,1592997937111.0,1592997937226.0,1592997939820.508
1592997939805.0,1592997939711.0,1592997939863.0,1592997941759.8801
1592997941749.0,1592997941689.0,1592997941804.0,1592997943200.075
1592997943200.0,1592997943087.0,1592997943252.0,1592997945092.063
1592997945091.0,1592997945011.0,1592997945134.0,1592997947663.289
1592997947688.0,1592997947599.0,1592997947706.0,1592997949271.927
1592997949275.0,1592997949204.0,1592997949314.0,1592997952844.072
1592997952869.0,1592997952786.0,1592997952886.0,1592997954298.36
1592997954325.0,1592997954206.0,1592997954340.0,1592997959671.865
1592997959626.0,1592997959510.0,0,0
1592997959682.0,1592997959601.0,1592997959756.0,1592997965514.109
1592997965526.0,1592997965410.0,1592997965556.0,1592997971380.41
1592997971373.0,1592997971266.0,1592997971425.0,1592997974796.1099
1592997974824.0,1592997974710.0,0,0
1592997974876.0,1592997974810.0,0,0
1592997974922.0,1592997974810.0,0,0
1592997974971.0,1592997974904.0,1592997974982.0,1592997976480.459
1592997976468.0,1592997976410.0,1592997976525.0,1592997978744.4202
1592997978768.0,1592997978671.0,1592997978787.0,1592997980591.9412
1592997980596.0,1592997980510.0,1592997980636.0,1592997982705.717
1592997982713.0,1592997982610.0,0,0
1592997982759.0,1592997982695.0,1592997982793.0,1592997984096.463
1592997984122.0,1592997983978.0,1592997984141.0,1592997986886.1948
1592997986906.0,1592997986810.0,1592997986928.0,1592997989456.739
1592997989489.0,1592997989410.0,0,0
1592997989489.0,1592997989410.0,0,0
1592997989536.0,1592997989473.0,0,0
1592997989590.0,1592997989510.0,0,0
1592997989638.0,1592997989563.0,1592997989665.0,1592997994064.089
1592997994086.0,1592997993996.0,0,0
1592997994135.0,1592997994086.0,1592997994150.0,1592997995668.323
1592997995667.0,1592997995599.0,1592997995714.0,1592997997821.275
1592997997806.0,1592997997709.0,1592997997863.0,1592997999613.951
1592997999626.0,1592997999509.0,1592997999656.0,1592998001805.416
1592998001828.0,1592998001690.0,1592998001848.0,1592998003669.981
1592998003663.0,1592998003598.0,1592998003713.0,1592998006497.148
1592998006498.0,1592998006409.0,1592998006541.0,1592998010490.142
1592998010470.0,1592998010400.0,1592998010535.0,1592998015391.274
1592998015410.0,1592998015309.0,1592998015435.0,1592998018485.995
1592998018473.0,1592998018400.0,1592998018531.0,1592998020856.057
1592998020886.0,1592998020789.0,1592998020899.0,1592998025052.378
1592998025064.0,1592998024959.0,1592998025095.0,1592998027155.906
1592998027179.0,1592998027109.0,0,0
1592998027227.0,1592998027109.0,0,0
1592998027275.0,1592998027209.0,0,0
1592998027326.0,1592998027209.0,0,0
1592998027375.0,1592998027309.0,1592998027386.0,1592998028131.6172
1592998028120.0,1592998028009.0,1592998028174.0,1592998028784.004
1592998028799.0,1592998028709.0,0,0
1592998028846.0,1592998028760.0,1592998028868.0,1592998029813.494
1592998029819.0,1592998029708.0,1592998029856.0,1592998030652.3572
1592998030659.0,1592998030580.0,1592998030694.0,1592998031329.1162
1592998031315.0,1592998031209.0,1592998031371.0,1592998033156.47
1592998033166.0,1592998033090.0,1592998033200.0,1592998034160.602
1592998034173.0,1592998034106.0,1592998034204.0,1592998035365.918
1592998035378.0,1592998035300.0,1592998035408.0,1592998037480.274
1592998037505.0,1592998037408.0,0,0
1592998037557.0,1592998037495.0,0,0
1592998037609.0,1592998037509.0,0,0
1592998037661.0,1592998037584.0,1592998037677.0,1592998039379.3098
1592998039375.0,1592998039307.0,1592998039423.0,1592998042280.0989
1592998042274.0,1592998042186.0,1592998042324.0,1592998043295.5781
1592998043320.0,1592998043208.0,1592998043338.0,1592998044688.014
1592998044677.0,1592998044608.0,0,0
1592998044730.0,1592998044608.0,0,0
1592998044782.0,1592998044708.0,1592998044813.0,1592998045894.772
1592998045923.0,1592998045808.0,0,0
1592998045974.0,1592998045908.0,1592998045988.0,1592998047456.338
1592998047475.0,1592998047391.0,0,0
1592998047522.0,1592998047391.0,0,0
1592998047566.0,1592998047479.0,1592998047580.0,1592998048541.7358
1592998048543.0,1592998048450.0,1592998048584.0,1592998050680.1492
1592998050687.0,1592998050567.0,1592998050724.0,1592998052273.602
1592998052265.0,1592998052192.0,1592998052320.0,1592998054082.925
1592998054073.0,1592998053982.0,0,0
1592998054125.0,1592998054008.0,0,0
1592998054178.0,1592998054108.0,0,0
1592998054226.0,1592998054108.0,0,0
1592998054279.0,1592998054202.0,1592998054297.0,1592998056668.103
1592998056660.0,1592998056599.0,1592998056713.0,1592998058710.57
1592998058734.0,1592998058649.0,1592998058753.0,1592998060759.0188
1592998060780.0,1592998060686.0,0,0
1592998060829.0,1592998060775.0,0,0
1592998060876.0,1592998060808.0,0,0
1592998060925.0,1592998060864.0,1592998060936.0,1592998062781.437
1592998062780.0,1592998062708.0,1592998062823.0,1592998064452.073
1592998064475.0,1592998064408.0,0,0
1592998064522.0,1592998064408.0,0,0
1592998064571.0,1592998064508.0,1592998064587.0,1592998065492.1301
1592998065513.0,1592998065408.0,1592998065534.0,1592998066590.893
1592998066582.0,1592998066508.0,1592998066633.0,1592998067476.428
1592998067482.0,1592998067408.0,1592998067520.0,1592998068048.502
1592998068076.0,1592998068008.0,0,0
1592998068124.0,1592998068008.0,0,0
1592998068173.0,1592998068108.0,1592998068188.0,1592998069100.1711
1592998069091.0,1592998069008.0,1592998069142.0,1592998070039.651
1592998070066.0,1592998070007.0,1592998070083.0,1592998070665.886
1592998070678.0,1592998070541.0,1592998070709.0,1592998072176.941
1592998072172.0,1592998072087.0,1592998072221.0,1592998075395.72
1592998075380.0,1592998075308.0,1592998075439.0,1592998077541.446
1592998077559.0,1592998077469.0,0,0
1592998077610.0,1592998077507.0,0,0
1592998077657.0,1592998077558.0,1592998077671.0,1592998079887.209
1592998079919.0,1592998079807.0,0,0
1592998079919.0,1592998079807.0,0,0
1592998079969.0,1592998079901.0,1592998080015.0,1592998081796.567
1592998081784.0,1592998081707.0,0,0
1592998081836.0,1592998081756.0,1592998081884.0,1592998083558.939
1592998083572.0,1592998083507.0,0,0
1592998083619.0,1592998083507.0,0,0
1592998083668.0,1592998083607.0,1592998083687.0,1592998084834.0361
1592998084819.0,1592998084707.0,0,0
1592998084867.0,1592998084806.0,0,0
1592998084915.0,1592998084807.0,0,0
1592998084966.0,1592998084895.0,1592998085000.0,1592998089960.315
1592998089965.0,1592998089894.0,1592998090004.0,1592998094251.944
1592998094266.0,1592998094184.0,1592998094294.0,1592998096342.173
1592998096325.0,1592998096208.0,1592998096386.0,1592998097155.9019
1592998097178.0,1592998097098.0,0,0
1592998097225.0,1592998097141.0,0,0
1592998097274.0,1592998097184.0,0,0
1592998097324.0,1592998097208.0,0,0
1592998097384.0,1592998097272.0,1592998097418.0,1592998098348.675
1592998098360.0,1592998098235.0,1592998098392.0,1592998099493.7798
1592998099511.0,1592998099407.0,1592998099537.0,1592998100564.3462
1592998100550.0,1592998100496.0,0,0
1592998100597.0,1592998100507.0,0,0
1592998100657.0,1592998100585.0,1592998100688.0,1592998101484.029
1592998101475.0,1592998101381.0,0,0
1592998101522.0,1592998101381.0,0,0
1592998101574.0,1592998101425.0,0,0
1592998101631.0,1592998101425.0,0,0
1592998101676.0,1592998101600.0,1592998101698.0,1592998102608.9019
1592998102614.0,1592998102479.0,1592998102653.0,1592998103677.551
1592998103702.0,1592998103607.0,1592998103722.0,1592998105159.939
1592998105163.0,1592998105091.0,0,0
1592998105212.0,1592998105107.0,0,0
1592998105266.0,1592998105182.0,1592998105286.0,1592998106139.148
1592998106121.0,1592998106007.0,0,0
1592998106169.0,1592998106107.0,1592998106223.0,1592998107360.135
1592998107365.0,1592998107294.0,0,0
1592998107418.0,1592998107307.0,0,0
1592998107468.0,1592998107381.0,0,0
1592998107518.0,1592998107381.0,0,0
1592998107566.0,1592998107507.0,1592998107582.0,1592998108554.501
1592998108584.0,1592998108486.0,1592998108598.0,1592998110054.228
1592998110068.0,1592998109987.0,0,0
1592998110116.0,1592998110007.0,0,0
1592998110168.0,1592998110107.0,1592998110182.0,1592998112900.259
1592998112923.0,1592998112807.0,0,0
1592998112975.0,1592998112807.0,0,0
1592998113028.0,1592998112949.0,1592998113044.0,1592998117347.981
1592998117374.0,1592998117307.0,0,0
1592998117420.0,1592998117307.0,0,0
1592998117471.0,1592998117407.0,1592998117490.0,1592998118455.921
1592998118467.0,1592998118387.0,0,0
1592998118515.0,1592998118407.0,0,0
1592998118569.0,1592998118476.0,1592998118581.0,1592998122179.926
1592998122172.0,1592998122107.0,1592998122223.0,1592998124092.202
1592998124087.0,1592998124007.0,1592998124134.0,1592998126783.4639
1592998126755.0,1592998126623.0,1592998126828.0,1592998129562.02
1592998129577.0,1592998129440.0,1592998129605.0,1592998133211.25
1592998133215.0,1592998133107.0,1592998133255.0,1592998135892.4302
1592998135888.0,1592998135807.0,0,0
1592998135941.0,1592998135862.0,0,0
1592998135993.0,1592998135906.0,0,0
1592998136049.0,1592998135996.0,1592998136059.0,1592998139571.742
1592998139563.0,1592998139480.0,0,0
1592998139615.0,1592998139506.0,0,0
1592998139664.0,1592998139569.0,1592998139697.0,1592998140563.838
1592998140547.0,1592998140469.0,1592998140608.0,1592998141664.623
1592998141673.0,1592998141576.0,1592998141712.0,1592998142406.456
1592998142423.0,1592998142292.0,1592998142450.0,1592998143578.8591
1592998143603.0,1592998143501.0,1592998143622.0,1592998144297.169
1592998144314.0,1592998144206.0,1592998144341.0,1592998145427.5151
1592998145429.0,1592998145356.0,0,0
1592998145477.0,1592998145400.0,0,0
1592998145525.0,1592998145443.0,1592998145552.0,1592998146088.052
1592998146111.0,1592998146006.0,1592998146131.0,1592998148040.001
1592998148063.0,1592998147966.0,1592998148083.0,1592998149885.02
1592998149860.0,1592998149776.0,1592998149927.0,1592998155986.013
1592998155989.0,1592998155806.0,1592998156028.0,1592998159464.031
1592998159457.0,1592998159343.0,0,0
1592998159515.0,1592998159387.0,0,0
1592998159569.0,1592998159507.0,1592998159588.0,1592998162176.348
1592998162168.0,1592998162106.0,1592998162218.0,1592998164492.879
1592998164515.0,1592998164406.0,1592998164536.0,1592998166389.727
1592998166417.0,1592998166306.0,0,0
1592998166465.0,1592998166406.0,0,0
1592998166512.0,1592998166406.0,0,0
1592998166567.0,1592998166453.0,1592998166581.0,1592998168421.582
1592998168418.0,1592998168308.0,1592998168464.0,1592998170379.011
1592998170394.0,1592998170306.0,1592998170421.0,1592998171895.084
1592998171880.0,1592998171801.0,1592998171938.0,1592998173843.044
1592998173864.0,1592998173794.0,0,0
1592998173911.0,1592998173806.0,0,0
1592998173959.0,1592998173882.0,1592998173970.0,1592998176975.828
1592998176990.0,1592998176906.0,1592998177019.0,1592998181264.333
1592998181266.0,1592998181193.0,1592998181306.0,1592998186548.405
1592998186534.0,1592998186459.0,1592998186591.0,1592998189909.0012
1592998189933.0,1592998189858.0,0,0
1592998189980.0,1592998189902.0,0,0
1592998190026.0,1592998189947.0,1592998190036.0,1592998190776.095
1592998190807.0,1592998190706.0,1592998190819.0,1592998192389.4949
1592998192407.0,1592998192306.0,1592998192432.0,1592998194208.563
1592998194221.0,1592998194105.0,1592998194251.0,1592998196937.4348
1592998196925.0,1592998196805.0,1592998196980.0,1592998198268.493
1592998198279.0,1592998198199.0,1592998198313.0,1592998200439.102
1592998200428.0,1592998200367.0,1592998200483.0,1592998205680.037
1592998205667.0,1592998205605.0,0,0
1592998205715.0,1592998205605.0,0,0
1592998205768.0,1592998205700.0,1592998205804.0,1592998211559.936
1592998211562.0,1592998211496.0,1592998211602.0,1592998216477.039
1592998216455.0,1592998216377.0,1592998216519.0,1592998217107.781
1592998217093.0,1592998217006.0,1592998217150.0,1592998218377.1821
1592998218368.0,1592998218279.0,1592998218421.0,1592998221772.343
1592998221764.0,1592998221706.0,1592998221816.0,1592998224263.701
1592998224267.0,1592998224198.0,1592998224306.0,1592998226863.8599
1592998226882.0,1592998226796.0,1592998226906.0,1592998228907.347
1592998228936.0,1592998228833.0,0,0
1592998228987.0,1592998228877.0,0,0
1592998229036.0,1592998228877.0,1592998229052.0,1592998230355.8062
1592998230382.0,1592998230306.0,0,0
1592998230430.0,1592998230378.0,1592998230442.0,1592998231738.0422
1592998231763.0,1592998231706.0,1592998231780.0,1592998232820.91
1592998232826.0,1592998232764.0,1592998232864.0,1592998234799.145
1592998234818.0,1592998234706.0,1592998234844.0,1592998235609.548
1592998235611.0,1592998235506.0,0,0
1592998235667.0,1592998235597.0,1592998235693.0,1592998236459.8848
1592998236470.0,1592998236390.0,0,0
1592998236522.0,1592998236406.0,0,0
1592998236570.0,1592998236479.0,0,0
1592998236620.0,1592998236479.0,0,0
1592998236669.0,1592998236605.0,1592998236683.0,1592998237408.549
1592998237421.0,1592998237305.0,1592998237451.0,1592998238434.9922
1592998238465.0,1592998238389.0,0,0
1592998238513.0,1592998238405.0,0,0
1592998238576.0,1592998238505.0,1592998238588.0,1592998239247.719
1592998239241.0,1592998239194.0,1592998239292.0,1592998240365.336
1592998240367.0,1592998240300.0,0,0
1592998240418.0,1592998240300.0,0,0
1592998240469.0,1592998240344.0,1592998240491.0,1592998241463.845
1592998241474.0,1592998241397.0,1592998241506.0,1592998242255.801
1592998242262.0,1592998242189.0,1592998242298.0,1592998243462.408
1592998243463.0,1592998243387.0,1592998243505.0,1592998245183.8281
1592998245181.0,1592998245105.0,1592998245227.0,1592998248988.523
1592998248980.0,1592998248905.0,1592998249030.0,1592998250855.8298
1592998250875.0,1592998250805.0,1592998250898.0,1592998252305.874
1592998252326.0,1592998252263.0,1592998252348.0,1592998253602.378
1592998253611.0,1592998253505.0,1592998253644.0,1592998254901.4858
1592998254880.0,1592998254805.0,0,0
1592998254933.0,1592998254833.0,1592998254985.0,1592998256951.743
1592998256970.0,1592998256878.0,0,0
1592998257017.0,1592998256905.0,0,0
1592998257070.0,1592998257005.0,1592998257085.0,1592998259680.0188
1592998259684.0,1592998259605.0,0,0
1592998259733.0,1592998259659.0,1592998259763.0,1592998262647.764
1592998262679.0,1592998262605.0,0,0
1592998262726.0,1592998262605.0,0,0
1592998262800.0,1592998262705.0,1592998262814.0,1592998265991.523
1592998265968.0,1592998265897.0,1592998266035.0,1592998270624.793
1592998270627.0,1592998270551.0,1592998270668.0,1592998273851.936
1592998273847.0,1592998273780.0,0,0
1592998273900.0,1592998273806.0,0,0
1592998273956.0,1592998273869.0,1592998273978.0,1592998276969.2
1592998276967.0,1592998276891.0,1592998277013.0,1592998279439.706
1592998279428.0,1592998279366.0,1592998279482.0,1592998284304.358
1592998284293.0,1592998284206.0,1592998284348.0,1592998286108.4722
1592998286108.0,1592998286005.0,1592998286151.0,1592998287994.6611
1592998288016.0,1592998287905.0,0,0
1592998288065.0,1592998288005.0,1592998288078.0,1592998289844.433
1592998289873.0,1592998289805.0,0,0
1592998289921.0,1592998289858.0,1592998289934.0,1592998291629.106
1592998291653.0,1592998291521.0,1592998291672.0,1592998292647.829
1592998292636.0,1592998292576.0,1592998292693.0,1592998295252.354
1592998295274.0,1592998295136.0,1592998295295.0,1592998297093.0632
1592998297080.0,1592998297003.0,1592998297136.0,1592998300160.296
1592998300148.0,1592998300090.0,1592998300204.0,1592998302984.2761
1592998303011.0,1592998302905.0,1592998303028.0,1592998306247.9392
1592998306249.0,1592998306147.0,1592998306290.0,1592998309795.1628
1592998309810.0,1592998309704.0,1592998309837.0,1592998314664.572
1592998314656.0,1592998314596.0,1592998314709.0,1592998315456.097
1592998315441.0,1592998315347.0,1592998315498.0,1592998316199.887
1592998316194.0,1592998316104.0,1592998316243.0,1592998317748.6091
1592998317762.0,1592998317678.0,1592998317791.0,1592998319759.758
1592998319782.0,1592998319704.0,1592998319803.0,1592998322238.855
1592998322239.0,1592998322166.0,1592998322282.0,1592998325056.169
1592998325063.0,1592998324987.0,0,0
1592998325116.0,1592998325004.0,0,0
1592998325173.0,1592998325104.0,0,0
1592998325225.0,1592998325167.0,1592998325245.0,1592998326448.07
1592998326453.0,1592998326364.0,0,0
1592998326503.0,1592998326404.0,0,0
1592998326550.0,1592998326453.0,1592998326573.0,1592998329663.011
1592998329661.0,1592998329592.0,0,0
1592998329715.0,1592998329604.0,0,0
1592998329766.0,1592998329681.0,0,0
1592998329813.0,1592998329705.0,0,0
1592998329872.0,1592998329805.0,1592998329884.0,1592998330851.806
1592998330868.0,1592998330770.0,1592998330894.0,1592998333291.227
1592998333283.0,1592998333199.0,1592998333334.0,1592998334852.9512
1592998334864.0,1592998334756.0,1592998334896.0,1592998335579.993
1592998335587.0,1592998335504.0,0,0
1592998335640.0,1592998335556.0,1592998335664.0,1592998336255.856
1592998336265.0,1592998336186.0,0,0
1592998336312.0,1592998336204.0,0,0
1592998336362.0,1592998336275.0,1592998336381.0,1592998336878.945
1592998336894.0,1592998336766.0,1592998336922.0,1592998337509.1182
1592998337527.0,1592998337404.0,1592998337552.0,1592998338180.686
1592998338204.0,1592998338097.0,1592998338227.0,1592998338843.615
1592998338841.0,1592998338769.0,0,0
1592998338894.0,1592998338804.0,0,0
1592998338941.0,1592998338859.0,1592998338969.0,1592998339779.881
1592998339776.0,1592998339704.0,1592998339822.0,1592998340583.039
1592998340581.0,1592998340504.0,0,0
1592998340632.0,1592998340568.0,1592998340666.0,1592998342891.846
1592998342909.0,1592998342804.0,0,0
1592998342957.0,1592998342868.0,1592998342976.0,1592998344931.611
1592998344955.0,1592998344885.0,0,0
1592998345007.0,1592998344904.0,0,0
1592998345064.0,1592998344975.0,1592998345079.0,1592998346966.352
1592998346957.0,1592998346873.0,0,0
1592998347004.0,1592998346904.0,0,0
1592998347053.0,1592998346917.0,1592998347094.0,1592998348401.699
1592998348379.0,1592998348304.0,1592998348445.0,1592998349685.0369
1592998349711.0,1592998349604.0,1592998349729.0,1592998350876.576
1592998350852.0,1592998350763.0,1592998350921.0,1592998351755.999
1592998351760.0,1592998351690.0,0,0
1592998351813.0,1592998351690.0,0,0
1592998351864.0,1592998351734.0,1592998351883.0,1592998352569.225
1592998352599.0,1592998352504.0,1592998352612.0,1592998354161.915
1592998354171.0,1592998354083.0,0,0
1592998354218.0,1592998354104.0,0,0
1592998354267.0,1592998354172.0,1592998354287.0,1592998355581.53
1592998355604.0,1592998355456.0,1592998355625.0,1592998357961.2441
1592998357968.0,1592998357890.0,1592998358003.0,1592998360859.756
1592998360863.0,1592998360793.0,1592998360902.0,1592998362447.988
1592998362466.0,1592998362384.0,0,0
1592998362513.0,1592998362404.0,0,0
1592998362567.0,1592998362504.0,1592998362582.0,1592998364388.19
1592998364412.0,1592998364304.0,1592998364431.0,1592998365388.084
1592998365375.0,1592998365282.0,1592998365434.0,1592998367381.856
1592998367392.0,1592998367304.0,1592998367425.0,1592998368407.713
1592998368415.0,1592998368304.0,1592998368450.0,1592998369908.201
1592998369919.0,1592998369804.0,1592998369951.0,1592998371406.927
1592998371413.0,1592998371304.0,0,0
1592998371461.0,1592998371397.0,1592998371491.0,1592998372255.941
1592998372266.0,1592998372190.0,1592998372298.0,1592998375080.413
1592998375082.0,1592998375003.0,1592998375123.0,1592998377580.009
1592998377586.0,1592998377503.0,0,0
1592998377639.0,1592998377559.0,0,0
1592998377691.0,1592998377559.0,0,0
1592998377739.0,1592998377648.0,1592998377751.0,1592998378968.239
1592998378980.0,1592998378899.0,0,0
1592998379027.0,1592998378944.0,0,0
1592998379080.0,1592998379003.0,0,0
1592998379132.0,1592998379033.0,1592998379146.0,1592998381706.1702
1592998381732.0,1592998381643.0,1592998381750.0,1592998382768.242
1592998382753.0,1592998382699.0,1592998382811.0,1592998384226.4011
1592998384219.0,1592998384103.0,0,0
1592998384269.0,1592998384203.0,0,0
1592998384321.0,1592998384203.0,0,0
1592998384373.0,1592998384292.0,1592998384396.0,1592998386175.932
1592998386179.0,1592998386103.0,0,0
1592998386227.0,1592998386158.0,0,0
1592998386279.0,1592998386203.0,0,0
1592998386331.0,1592998386247.0,1592998386344.0,1592998388168.225
1592998388178.0,1592998388102.0,0,0
1592998388226.0,1592998388146.0,1592998388252.0,1592998389644.1199
1592998389677.0,1592998389603.0,1592998389687.0,1592998391098.915
1592998391127.0,1592998390991.0,0,0
1592998391127.0,1592998391078.0,0,0
1592998391179.0,1592998391103.0,0,0
1592998391231.0,1592998391122.0,1592998391264.0,1592998392843.8489
1592998392868.0,1592998392794.0,1592998392886.0,1592998394076.204
1592998394073.0,1592998394003.0,1592998394120.0,1592998395780.428
1592998395767.0,1592998395703.0,0,0
1592998395815.0,1592998395703.0,0,0
1592998395866.0,1592998395803.0,1592998395908.0,1592998398168.086
1592998398154.0,1592998398101.0,1592998398211.0,1592998400030.652
1592998400053.0,1592998399954.0,0,0
1592998400104.0,1592998400007.0,0,0
1592998400152.0,1592998400097.0,1592998400163.0,1592998401867.241
1592998401898.0,1592998401803.0,1592998401912.0,1592998403744.98
1592998403728.0,1592998403646.0,1592998403789.0,1592998408964.187
1592998408955.0,1592998408895.0,1592998409008.0,1592998411743.95
1592998411757.0,1592998411681.0,1592998411786.0,1592998412681.124
1592998412669.0,1592998412566.0,1592998412723.0,1592998414356.001
1592998414353.0,1592998414287.0,1592998414398.0,1592998416260.303
1592998416267.0,1592998416152.0,1592998416303.0,1592998417051.842
1592998417059.0,1592998416940.0,0,0
1592998417107.0,1592998416983.0,0,0
1592998417159.0,1592998417071.0,1592998417178.0,1592998418368.316
1592998418373.0,1592998418260.0,1592998418412.0,1592998419930.908
1592998419954.0,1592998419902.0,1592998419974.0,1592998421879.869
1592998421882.0,1592998421802.0,1592998421922.0,1592998423001.475
1592998423001.0,1592998422902.0,1592998423045.0,1592998424620.707
1592998424600.0,1592998424502.0,0,0
1592998424653.0,1592998424593.0,0,0
1592998424706.0,1592998424602.0,0,0
1592998424754.0,1592998424680.0,1592998424787.0,1592998426334.6082
1592998426321.0,1592998426232.0,1592998426378.0,1592998427584.104
1592998427613.0,1592998427502.0,0,0
1592998427613.0,1592998427502.0,0,0
1592998427666.0,1592998427602.0,1592998427710.0,1592998429423.881
1592998429449.0,1592998429373.0,1592998429467.0,1592998431521.447
1592998431525.0,1592998431405.0,1592998431565.0,1592998434374.0881
1592998434402.0,1592998434302.0,1592998434416.0,1592998436881.488
1592998436865.0,1592998436802.0,1592998436924.0,1592998438348.23
1592998438342.0,1592998438275.0,1592998438391.0,1592998439852.8691
1592998439863.0,1592998439729.0,1592998439896.0,1592998440945.576
1592998440964.0,1592998440875.0,1592998440988.0,1592998442475.6082
1592998442497.0,1592998442402.0,0,0
1592998442554.0,1592998442502.0,0,0
1592998442604.0,1592998442502.0,0,0
1592998442656.0,1592998442592.0,1592998442671.0,1592998443880.603
1592998443878.0,1592998443759.0,1592998443924.0,1592998445467.897
1592998445472.0,1592998445401.0,0,0
1592998445524.0,1592998445402.0,0,0
1592998445579.0,1592998445445.0,1592998445593.0,1592998446395.968
1592998446371.0,1592998446284.0,1592998446440.0,1592998448113.943
1592998448139.0,1592998448051.0,1592998448158.0,1592998449305.661
1592998449292.0,1592998449202.0,1592998449348.0,1592998451217.174
1592998451229.0,1592998451146.0,1592998451259.0,1592998452644.498
1592998452652.0,1592998452552.0,1592998452688.0,1592998454465.627
1592998454450.0,1592998454379.0,1592998454510.0,1592998456370.757
1592998456386.0,1592998456302.0,1592998456414.0,1592998457455.943
1592998457476.0,1592998457347.0,0,0
1592998457523.0,1592998457435.0,1592998457541.0,1592998458513.119
1592998458526.0,1592998458455.0,1592998458555.0,1592998460399.625
1592998460421.0,1592998460302.0,1592998460445.0,1592998462744.123
1592998462756.0,1592998462676.0,1592998462787.0,1592998465380.422
1592998465369.0,1592998465302.0,0,0
1592998465424.0,1592998465357.0,1592998465465.0,1592998466897.837
1592998466898.0,1592998466802.0,1592998466942.0,1592998468004.073
1592998468034.0,1592998467934.0,1592998468048.0,1592998468843.544
1592998468837.0,1592998468770.0,1592998468886.0,1592998471584.705
1592998471560.0,1592998471484.0,1592998471628.0,1592998472968.091
1592998472985.0,1592998472902.0,1592998473010.0,1592998474079.7961
1592998474071.0,1592998474001.0,1592998474123.0,1592998474836.934
1592998474840.0,1592998474764.0,1592998474879.0,1592998475646.541
1592998475627.0,1592998475526.0,1592998475691.0,1592998476872.146
1592998476892.0,1592998476759.0,1592998476914.0,1592998477843.963
1592998477872.0,1592998477801.0,0,0
1592998477919.0,1592998477823.0,0,0
1592998477971.0,1592998477901.0,0,0
1592998478023.0,1592998477957.0,1592998478039.0,1592998478644.0461
1592998478652.0,1592998478573.0,1592998478686.0,1592998479626.759
1592998479659.0,1592998479579.0,0,0
1592998479706.0,1592998479601.0,0,0
1592998479753.0,1592998479668.0,0,0
1592998479800.0,1592998479701.0,0,0
1592998479848.0,1592998479713.0,1592998479859.0,1592998480448.3281
1592998480474.0,1592998480377.0,1592998480491.0,1592998481288.354
1592998481286.0,1592998481179.0,1592998481332.0,1592998481881.5989
1592998481874.0,1592998481801.0,1592998481926.0,1592998482945.6301
1592998482961.0,1592998482875.0,1592998482988.0,1592998484100.083
1592998484109.0,1592998484001.0,0,0
1592998484160.0,1592998484074.0,1592998484183.0,1592998485273.0352
1592998485260.0,1592998485144.0,1592998485317.0,1592998486644.428
1592998486658.0,1592998486573.0,0,0
1592998486706.0,1592998486601.0,0,0
1592998486753.0,1592998486618.0,1592998486770.0,1592998487617.2239
1592998487628.0,1592998487567.0,0,0
1592998487679.0,1592998487601.0,0,0
1592998487727.0,1592998487612.0,1592998487743.0,1592998488459.966
1592998488462.0,1592998488390.0,0,0
1592998488512.0,1592998488401.0,0,0
1592998488562.0,1592998488484.0,1592998488586.0,1592998489357.844
1592998489363.0,1592998489179.0,0,0
1592998489414.0,1592998489301.0,0,0
1592998489470.0,1592998489301.0,1592998489486.0,1592998490868.983
1592998490895.0,1592998490801.0,1592998490912.0,1592998492090.7432
1592998492098.0,1592998492001.0,1592998492133.0,1592998494237.346
1592998494260.0,1592998494188.0,1592998494280.0,1592998496380.513
1592998496404.0,1592998496301.0,0,0
1592998496455.0,1592998496401.0,1592998496465.0,1592998498391.846
1592998498384.0,1592998498301.0,1592998498434.0,1592998499603.6128
1592998499619.0,1592998499502.0,1592998499648.0,1592998500505.322
1592998500498.0,1592998500391.0,1592998500548.0,1592998505667.939
1592998505656.0,1592998505600.0,1592998505711.0,1592998511780.396
1592998511767.0,1592998511627.0,0,0
1592998511815.0,1592998511702.0,0,0
1592998511867.0,1592998511802.0,1592998511905.0,1592998514959.996
1592998514977.0,1592998514890.0,0,0
1592998515024.0,1592998514934.0,1592998515043.0,1592998517070.118
1592998517094.0,1592998517002.0,1592998517112.0,1592998518105.001
1592998518105.0,1592998518002.0,0,0
1592998518155.0,1592998518082.0,1592998518191.0,1592998519079.89
1592998519089.0,1592998519002.0,0,0
1592998519137.0,1592998519055.0,1592998519164.0,1592998520268.148
1592998520272.0,1592998520161.0,0,0
1592998520324.0,1592998520161.0,0,0
1592998520377.0,1592998520291.0,0,0
1592998520434.0,1592998520336.0,0,0
1592998520482.0,1592998520379.0,0,0
1592998520533.0,1592998520423.0,1592998520550.0,1592998521335.8518
1592998521357.0,1592998521258.0,1592998521380.0,1592998522065.4731
1592998522073.0,1592998522002.0,1592998522108.0,1592998522835.919
1592998522861.0,1592998522802.0,0,0
1592998522908.0,1592998522802.0,0,0
1592998522955.0,1592998522895.0,1592998522967.0,1592998523544.841
1592998523538.0,1592998523441.0,1592998523588.0,1592998524092.0889
1592998524108.0,1592998524002.0,0,0
1592998524159.0,1592998524062.0,1592998524177.0,1592998524689.544
1592998524708.0,1592998524601.0,0,0
1592998524759.0,1592998524684.0,1592998524774.0,1592998525633.828
1592998525655.0,1592998525523.0,1592998525676.0,1592998526595.176
1592998526614.0,1592998526502.0,0,0
1592998526666.0,1592998526590.0,0,0
1592998526720.0,1592998526590.0,1592998526737.0,1592998527599.983
1592998527618.0,1592998527501.0,1592998527642.0,1592998528467.46
1592998528470.0,1592998528379.0,1592998528511.0,1592998530102.4321
1592998530117.0,1592998529998.0,1592998530145.0,1592998531604.433
1592998531622.0,1592998531501.0,1592998531647.0,1592998532922.527
1592998532919.0,1592998532847.0,1592998532968.0,1592998534493.304
1592998534517.0,1592998534369.0,0,0
1592998534573.0,1592998534501.0,0,0
1592998534625.0,1592998534546.0,1592998534643.0,1592998535551.842
1592998535562.0,1592998535486.0,0,0
1592998535610.0,1592998535501.0,0,0
1592998535663.0,1592998535573.0,1592998535679.0,1592998536851.841
1592998536861.0,1592998536779.0,1592998536894.0,1592998538876.302
1592998538874.0,1592998538801.0,1592998538921.0,1592998540564.218
1592998540563.0,1592998540497.0,1592998540608.0,1592998541660.2659
1592998541677.0,1592998541601.0,0,0
1592998541725.0,1592998541653.0,1592998541743.0,1592998543634.195
1592998543625.0,1592998543561.0,0,0
1592998543673.0,1592998543601.0,0,0
1592998543720.0,1592998543650.0,1592998543759.0,1592998545612.7678
1592998545608.0,1592998545501.0,1592998545655.0,1592998547344.658
1592998547357.0,1592998547296.0,1592998547388.0,1592998548404.023
1592998548406.0,1592998548269.0,0,0
1592998548462.0,1592998548357.0,1592998548487.0,1592998550605.9438
1592998550594.0,1592998550474.0,1592998550650.0,1592998552125.787
1592998552139.0,1592998552023.0,0,0
1592998552187.0,1592998552101.0,0,0
1592998552234.0,1592998552110.0,1592998552252.0,1592998553404.1082
1592998553399.0,1592998553301.0,1592998553446.0,1592998556156.3909
1592998556173.0,1592998556090.0,1592998556200.0,1592998557763.635
1592998557784.0,1592998557701.0,0,0
1592998557831.0,1592998557771.0,0,0
1592998557878.0,1592998557801.0,0,0
1592998557926.0,1592998557859.0,1592998557943.0,1592998559080.901
1592998559069.0,1592998559001.0,1592998559123.0,1592998560537.83
1592998560570.0,1592998560501.0,1592998560581.0,1592998561648.114
1592998561661.0,1592998561533.0,1592998561690.0,1592998562759.843
1592998562762.0,1592998562693.0,0,0
1592998562814.0,1592998562704.0,0,0
1592998562864.0,1592998562783.0,0,0
1592998562910.0,1592998562801.0,0,0
1592998562959.0,1592998562874.0,1592998562970.0,1592998563888.296
1592998563920.0,1592998563822.0,1592998563930.0,1592998564888.842
1592998564922.0,1592998564774.0,1592998564933.0,1592998567100.5771
1592998567120.0,1592998567049.0,1592998567144.0,1592998568464.05
1592998568479.0,1592998568397.0,1592998568507.0,1592998570196.425
1592998570187.0,1592998570102.0,0,0
1592998570233.0,1592998570160.0,1592998570282.0,1592998572488.145
1592998572487.0,1592998572401.0,0,0
1592998572539.0,1592998572459.0,1592998572571.0,1592998574494.564
1592998574496.0,1592998574380.0,1592998574537.0,1592998577260.236
1592998577259.0,1592998577193.0,1592998577304.0,1592998580444.151
1592998580457.0,1592998580373.0,0,0
1592998580504.0,1592998580401.0,0,0
1592998580551.0,1592998580464.0,1592998580569.0,1592998581948.0642
1592998581955.0,1592998581873.0,1592998581992.0,1592998582967.953
1592998582982.0,1592998582901.0,1592998583011.0,1592998584180.385
1592998584161.0,1592998584065.0,1592998584225.0,1592998586064.392
1592998586066.0,1592998585992.0,0,0
1592998586117.0,1592998585992.0,0,0
1592998586162.0,1592998586082.0,1592998586189.0,1592998587219.761
1592998587245.0,1592998587157.0,1592998587262.0,1592998588930.775
1592998588921.0,1592998588813.0,1592998588976.0,1592998590743.5378
1592998590756.0,1592998590656.0,0,0
1592998590806.0,1592998590701.0,0,0
1592998590859.0,1592998590743.0,1592998590870.0,1592998592059.002
1592998592057.0,1592998591985.0,1592998592102.0,1592998593038.338
1592998593034.0,1592998592917.0,0,0
1592998593089.0,1592998592917.0,0,0
1592998593138.0,1592998593054.0,0,0
1592998593186.0,1592998593099.0,0,0
1592998593239.0,1592998593146.0,1592998593260.0,1592998593992.296
1592998594017.0,1592998593901.0,0,0
1592998594069.0,1592998594001.0,1592998594080.0,1592998594775.307
1592998594805.0,1592998594701.0,1592998594826.0,1592998596319.9402
1592998596316.0,1592998596252.0,1592998596363.0,1592998598200.574
1592998598223.0,1592998598159.0,1592998598247.0,1592998599798.378
1592998599775.0,1592998599689.0,1592998599842.0,1592998601172.2158
1592998601191.0,1592998601098.0,0,0
1592998601238.0,1592998601143.0,1592998601257.0,1592998603286.183
1592998603291.0,1592998603201.0,1592998603329.0,1592998604877.434
1592998604861.0,1592998604779.0,1592998604920.0,1592998606395.8818
1592998606385.0,1592998606301.0,1592998606438.0,1592998607344.912
1592998607359.0,1592998607258.0,1592998607387.0,1592998608493.8481
1592998608510.0,1592998608400.0,0,0
1592998608564.0,1592998608493.0,1592998608578.0,1592998609968.015
1592998609963.0,1592998609873.0,1592998610010.0,1592998611488.1611
1592998611512.0,1592998611400.0,1592998611530.0,1592998615852.695
1592998615869.0,1592998615800.0,1592998615895.0,1592998618047.454
1592998618065.0,1592998618000.0,1592998618089.0,1592998620076.326
1592998620106.0,1592998620000.0,0,0
1592998620153.0,1592998620091.0,1592998620165.0,1592998621670.509
1592998621683.0,1592998621595.0,0,0
1592998621734.0,1592998621639.0,0,0
1592998621783.0,1592998621684.0,0,0
1592998621831.0,1592998621684.0,0,0
1592998621888.0,1592998621772.0,1592998621912.0,1592998623367.585
1592998623357.0,1592998623016.0,1592998623411.0,1592998626574.4
1592998626562.0,1592998626499.0,1592998626618.0,1592998629159.998
1592998629171.0,1592998629092.0,0,0
1592998629221.0,1592998629137.0,1592998629243.0,1592998630348.1619
1592998630328.0,1592998630237.0,1592998630390.0,1592998630963.7239
1592998630960.0,1592998630856.0,1592998631007.0,1592998631646.611
1592998631636.0,1592998631563.0,0,0
1592998631683.0,1592998631600.0,0,0
1592998631734.0,1592998631651.0,1592998631771.0,1592998632493.324
1592998632507.0,1592998632400.0,1592998632535.0,1592998633303.889
1592998633311.0,1592998633200.0,1592998633347.0,1592998634402.719
1592998634413.0,1592998634300.0,1592998634445.0,1592998636679.362
1592998636690.0,1592998636600.0,1592998636722.0,1592998638337.668
1592998638313.0,1592998638200.0,1592998638380.0,1592998639072.0269
1592998639090.0,1592998639000.0,0,0
1592998639142.0,1592998639061.0,1592998639158.0,1592998640624.1719
1592998640616.0,1592998640500.0,1592998640668.0,1592998642579.9438
1592998642594.0,1592998642500.0,1592998642623.0,1592998643909.778
1592998643915.0,1592998643800.0,1592998643955.0,1592998644751.568
1592998644762.0,1592998644671.0,1592998644794.0,1592998645448.052
1592998645471.0,1592998645380.0,1592998645492.0,1592998646263.9211
1592998646278.0,1592998646196.0,0,0
1592998646326.0,1592998646241.0,1592998646347.0,1592998647702.6921
1592998647713.0,1592998647600.0,0,0
1592998647767.0,1592998647700.0,1592998647789.0,1592998648991.005
1592998648973.0,1592998648899.0,1592998649034.0,1592998651332.948
1592998651332.0,1592998651253.0,1592998651376.0,1592998652568.328
1592998652571.0,1592998652499.0,1592998652612.0,1592998654212.91
1592998654212.0,1592998654099.0,1592998654256.0,1592998655804.74
1592998655824.0,1592998655739.0,1592998655848.0,1592998657206.1611
1592998657235.0,1592998657141.0,1592998657248.0,1592998658768.1511
1592998658784.0,1592998658699.0,0,0
1592998658835.0,1592998658787.0,1592998658851.0,1592998661335.153
1592998661316.0,1592998661199.0,1592998661379.0,1592998662756.342
1592998662781.0,1592998662643.0,0,0
1592998662781.0,1592998662688.0,0,0
1592998662837.0,1592998662779.0,1592998662883.0,1592998664583.779
1592998664607.0,1592998664499.0,1592998664627.0,1592998666492.312
1592998666508.0,1592998666399.0,1592998666535.0,1592998668185.51
1592998668217.0,1592998668099.0,1592998668229.0,1592998669695.003
1592998669682.0,1592998669599.0,0,0
1592998669730.0,1592998669666.0,1592998669778.0,1592998670751.923
1592998670764.0,1592998670685.0,1592998670794.0,1592998671975.095
1592998671974.0,1592998671899.0,1592998672017.0,1592998672767.936
1592998672789.0,1592998672699.0,1592998672810.0,1592998674201.077
1592998674228.0,1592998674108.0,0,0
1592998674275.0,1592998674152.0,0,0
1592998674323.0,1592998674239.0,1592998674334.0,1592998675438.432
1592998675441.0,1592998675299.0,1592998675481.0,1592998676464.428
1592998676451.0,1592998676353.0,1592998676508.0,1592998678618.329
1592998678619.0,1592998678565.0,1592998678660.0,1592998680859.082
1592998680882.0,1592998680799.0,1592998680902.0,1592998682590.504
1592998682600.0,1592998682499.0,1592998682633.0,1592998684479.103
1592998684505.0,1592998684399.0,1592998684523.0,1592998689692.91
1592998689712.0,1592998689580.0,1592998689736.0,1592998694551.678
1592998694542.0,1592998694495.0,1592998694595.0,1592998698592.072
1592998698606.0,1592998698498.0,1592998698637.0,1592998699872.206
1592998699901.0,1592998699801.0,1592998699915.0,1592998700587.99
1592998700585.0,1592998700476.0,0,0
1592998700635.0,1592998700520.0,1592998700673.0,1592998701437.438
1592998701461.0,1592998701364.0,1592998701480.0,1592998702143.9568
1592998702173.0,1592998702077.0,0,0
1592998702220.0,1592998702120.0,1592998702232.0,1592998703020.63
1592998703051.0,1592998702957.0,0,0
1592998703099.0,1592998702998.0,0,0
1592998703152.0,1592998703044.0,0,0
1592998703202.0,1592998703087.0,0,0
1592998703256.0,1592998703174.0,1592998703277.0,1592998704952.058
1592998704967.0,1592998704886.0,1592998704996.0,1592998706492.502
1592998706508.0,1592998706398.0,1592998706534.0,1592998709916.529
1592998709924.0,1592998709834.0,1592998709958.0,1592998715432.2021
1592998715424.0,1592998715321.0,1592998715476.0,1592998716725.989
1592998716757.0,1592998716698.0,0,0
1592998716804.0,1592998716698.0,0,0
1592998716860.0,1592998716787.0,0,0
1592998716911.0,1592998716831.0,1592998716925.0,1592998717428.552
1592998717460.0,1592998717364.0,0,0
1592998717508.0,1592998717398.0,0,0
1592998717564.0,1592998717497.0,0,0
1592998717617.0,1592998717497.0,0,0
1592998717672.0,1592998717586.0,1592998717711.0,1592998718703.819
1592998718713.0,1592998718598.0,1592998718746.0,1592998720647.9749
1592998720670.0,1592998720584.0,1592998720691.0,1592998722656.168
1592998722682.0,1592998722598.0,1592998722703.0,1592998724290.741
1592998724304.0,1592998724198.0,0,0
1592998724352.0,1592998724266.0,1592998724373.0,1592998726427.616
1592998726458.0,1592998726378.0,1592998726471.0,1592998727864.116
1592998727850.0,1592998727754.0,1592998727906.0,1592998729778.0361
1592998729770.0,1592998729696.0,0,0
1592998729821.0,1592998729740.0,1592998729863.0,1592998731369.7952
1592998731353.0,1592998731284.0,1592998731413.0,1592998732776.0771
1592998732794.0,1592998732698.0,1592998732818.0,1592998734954.17
1592998734963.0,1592998734886.0,0,0
1592998735016.0,1592998734929.0,0,0
1592998735072.0,1592998734974.0,0,0
1592998735127.0,1592998735062.0,1592998735147.0,1592998736995.432
1592998737002.0,1592998736897.0,1592998737039.0,1592998738967.927
1592998738958.0,1592998738897.0,1592998739010.0,1592998740425.6848
1592998740442.0,1592998740378.0,1592998740468.0,1592998741817.7532
1592998741809.0,1592998741697.0,1592998741860.0,1592998743338.083
1592998743346.0,1592998743268.0,1592998743380.0,1592998744923.699
1592998744917.0,1592998744852.0,0,0
1592998744970.0,1592998744896.0,0,0
1592998745018.0,1592998744896.0,0,0
1592998745062.0,1592998744983.0,1592998745089.0,1592998746094.919
1592998746103.0,1592998745997.0,1592998746138.0,1592998749155.0342
1592998749157.0,1592998749073.0,0,0
1592998749207.0,1592998749097.0,0,0
1592998749259.0,1592998749170.0,1592998749279.0,1592998752255.873
1592998752247.0,1592998752189.0,1592998752298.0,1592998753456.004
1592998753454.0,1592998753383.0,1592998753499.0,1592998754130.446
1592998754160.0,1592998754097.0,1592998754173.0,1592998755093.68
1592998755120.0,1592998754987.0,0,0
1592998755168.0,1592998755097.0,0,0
1592998755216.0,1592998755097.0,0,0
1592998755264.0,1592998755163.0,1592998755274.0,1592998756076.236
1592998756064.0,1592998755997.0,1592998756120.0,1592998757095.8618
1592998757081.0,1592998756999.0,1592998757139.0,1592998758259.288
1592998758250.0,1592998758178.0,1592998758304.0,1592998759268.054
1592998759257.0,1592998759197.0,0,0
1592998759304.0,1592998759197.0,0,0
1592998759352.0,1592998759290.0,1592998759392.0,1592998760429.426
1592998760427.0,1592998760355.0,1592998760473.0,1592998762439.2632
1592998762456.0,1592998762367.0,1592998762483.0,1592998764869.198
1592998764876.0,1592998764797.0,1592998764913.0,1592998767360.1602
1592998767365.0,1592998767288.0,1592998767405.0,1592998768784.323
1592998768771.0,1592998768687.0,1592998768826.0,1592998770578.623
1592998770567.0,1592998770497.0,1592998770622.0,1592998771691.977
1592998771710.0,1592998771597.0,0,0
1592998771762.0,1592998771621.0,1592998771777.0,1592998772667.878
1592998772692.0,1592998772597.0,0,0
1592998772746.0,1592998772684.0,1592998772760.0,1592998774234.669
1592998774259.0,1592998774197.0,0,0
1592998774305.0,1592998774197.0,0,0
1592998774353.0,1592998774251.0,1592998774365.0,1592998775979.904
1592998775972.0,1592998775897.0,0,0
1592998776026.0,1592998775957.0,1592998776070.0,1592998777488.359
1592998777506.0,1592998777397.0,1592998777531.0,1592998778700.457
1592998778705.0,1592998778597.0,1592998778742.0,1592998780076.022
1592998780074.0,1592998779997.0,1592998780119.0,1592998782178.567
1592998782190.0,1592998782064.0,1592998782220.0,1592998783925.055
1592998783940.0,1592998783850.0,1592998783969.0,1592998784882.815
1592998784867.0,1592998784778.0,1592998784925.0,1592998786355.344
1592998786358.0,1592998786283.0,1592998786397.0,1592998787781.805
1592998787777.0,1592998787691.0,1592998787826.0,1592998789719.371
1592998789753.0,1592998789590.0,0,0
1592998789753.0,1592998789633.0,1592998789805.0,1592998791388.081
1592998791411.0,1592998791296.0,1592998791430.0,1592998793117.77
1592998793138.0,1592998793046.0,1592998793160.0,1592998796017.8088
1592998796025.0,1592998795960.0,1592998796060.0,1592998798637.0
1592998798639.0,1592998798565.0,1592998798679.0,1592998801930.0808
1592998801957.0,1592998801896.0,1592998801977.0,1592998807829.335
1592998807823.0,1592998807756.0,1592998807872.0,1592998813692.036
1592998813705.0,1592998813584.0,1592998813734.0,1592998816597.6501
1592998816592.0,1592998816498.0,1592998816640.0,1592998819856.519
1592998819866.0,1592998819781.0,0,0
1592998819919.0,1592998819798.0,0,0
1592998819976.0,1592998819898.0,1592998819991.0,1592998822060.444
1592998822068.0,1592998821978.0,0,0
1592998822120.0,1592998822022.0,1592998822147.0,1592998823925.518
1592998823916.0,1592998823851.0,1592998823970.0,1592998826571.564
1592998826558.0,1592998826477.0,0,0
1592998826605.0,1592998826497.0,0,0
1592998826662.0,1592998826597.0,1592998826701.0,1592998828568.437
1592998828555.0,1592998828497.0,1592998828611.0,1592998829815.675
1592998829806.0,1592998829697.0,1592998829858.0,1592998830671.082
1592998830659.0,1592998830597.0,0,0
1592998830711.0,1592998830597.0,0,0
1592998830772.0,1592998830688.0,1592998830795.0,1592998831637.1501
1592998831656.0,1592998831588.0,1592998831684.0,1592998832334.175
1592998832366.0,1592998832297.0,0,0
1592998832413.0,1592998832297.0,0,0
1592998832458.0,1592998832394.0,0,0
1592998832507.0,1592998832397.0,0,0
1592998832558.0,1592998832484.0,1592998832575.0,1592998833000.306
1592998833016.0,1592998832935.0,1592998833043.0,1592998834172.15
1592998834197.0,1592998834097.0,0,0
1592998834244.0,1592998834188.0,0,0
1592998834292.0,1592998834197.0,0,0
1592998834340.0,1592998834281.0,1592998834356.0,1592998835100.475
1592998835089.0,1592998834914.0,1592998835144.0,1592998836110.75
1592998836123.0,1592998836036.0,1592998836153.0,1592998838140.008
1592998838140.0,1592998838072.0,1592998838182.0,1592998839645.011
1592998839671.0,1592998839529.0,0,0
1592998839718.0,1592998839619.0,1592998839730.0,1592998841776.4958
1592998841775.0,1592998841697.0,0,0
1592998841827.0,1592998841754.0,0,0
1592998841875.0,1592998841797.0,0,0
1592998841923.0,1592998841797.0,0,0
1592998841968.0,1592998841888.0,1592998841988.0,1592998843260.5369
1592998843288.0,1592998843197.0,1592998843305.0,1592998845262.445
1592998845250.0,1592998845165.0,1592998845306.0,1592998846414.9238
1592998846428.0,1592998846364.0,1592998846462.0,1592998847976.064
1592998848000.0,1592998847897.0,0,0
1592998848053.0,1592998847912.0,1592998848068.0,1592998849447.4211
1592998849434.0,1592998849376.0,1592998849491.0,1592998850894.732
1592998850907.0,1592998850797.0,1592998850937.0,1592998852025.849
1592998852040.0,1592998851951.0,1592998852069.0,1592998854040.917
1592998854065.0,1592998853963.0,1592998854083.0,1592998855803.7751
1592998855807.0,1592998855697.0,0,0
1592998855856.0,1592998855758.0,0,0
1592998855903.0,1592998855797.0,0,0
1592998855950.0,1592998855897.0,1592998855970.0,1592998856932.407
1592998856957.0,1592998856880.0,0,0
1592998857004.0,1592998856897.0,0,0
1592998857051.0,1592998856967.0,1592998857061.0,1592998859905.217
1592998859905.0,1592998859797.0,0,0
1592998859966.0,1592998859887.0,1592998859989.0,1592998863372.4229
1592998863352.0,1592998863285.0,1592998863416.0,1592998866539.9539
1592998866558.0,1592998866468.0,1592998866582.0,1592998868637.772
1592998868653.0,1592998868591.0,1592998868681.0,1592998870496.746
1592998870509.0,1592998870397.0,1592998870539.0,1592998873415.132
1592998873390.0,1592998873296.0,1592998873459.0,1592998875027.1921
1592998875047.0,1592998874996.0,1592998875070.0,1592998876220.469
1592998876246.0,1592998876152.0,1592998876262.0,1592998876751.9888
1592998876743.0,1592998876683.0,1592998876796.0,1592998877480.812
1592998877506.0,1592998877396.0,1592998877524.0,1592998878359.8708
1592998878360.0,1592998878291.0,1592998878404.0,1592998878949.774
1592998878957.0,1592998878865.0,1592998878992.0,1592998880440.407
1592998880468.0,1592998880356.0,1592998880484.0,1592998881255.917
1592998881252.0,1592998881191.0,1592998881298.0,1592998883068.336
1592998883072.0,1592998882996.0,1592998883111.0,1592998884764.051
1592998884750.0,1592998884693.0,1592998884806.0,1592998886514.668
1592998886514.0,1592998886396.0,0,0
1592998886571.0,1592998886496.0,1592998886598.0,1592998889831.868
1592998889813.0,1592998889716.0,1592998889874.0,1592998892735.92
1592998892745.0,1592998892666.0,1592998892778.0,1592998894839.831
1592998894853.0,1592998894758.0,1592998894882.0,1592998895792.5068
1592998895800.0,1592998895696.0,0,0
1592998895859.0,1592998895775.0,0,0
1592998895909.0,1592998895796.0,0,0
1592998895961.0,1592998895896.0,1592998895971.0,1592998898368.329
1592998898352.0,1592998898296.0,1592998898410.0,1592998901495.508
1592998901516.0,1592998901393.0,1592998901539.0,1592998902499.964
1592998902496.0,1592998902396.0,1592998902543.0,1592998903126.533
1592998903146.0,1592998903067.0,1592998903170.0,1592998903747.9602
1592998903755.0,1592998903686.0,1592998903791.0,1592998904338.806
1592998904332.0,1592998904266.0,0,0
1592998904388.0,1592998904296.0,0,0
1592998904441.0,1592998904353.0,1592998904463.0,1592998905111.979
1592998905097.0,1592998904996.0,1592998905154.0,1592998906000.122
1592998906012.0,1592998905896.0,0,0
1592998906059.0,1592998905989.0,1592998906084.0,1592998907200.0662
1592998907210.0,1592998907096.0,1592998907243.0,1592998907988.1
1592998908001.0,1592998907896.0,1592998908032.0,1592998908809.793
1592998908843.0,1592998908784.0,1592998908856.0,1592998909625.228
1592998909642.0,1592998909549.0,1592998909669.0,1592998910787.971
1592998910813.0,1592998910696.0,0,0
1592998910860.0,1592998910718.0,1592998910873.0,1592998912872.8088
1592998912891.0,1592998912795.0,1592998912917.0,1592998915222.949
1592998915244.0,1592998915176.0,1592998915267.0,1592998916490.33
1592998916522.0,1592998916436.0,1592998916534.0,1592998917798.6602
1592998917828.0,1592998917739.0,1592998917842.0,1592998919028.502
1592998919061.0,1592998918995.0,1592998919071.0,1592998920735.934
1592998920756.0,1592998920617.0,1592998920778.0,1592998923185.911
1592998923196.0,1592998923048.0,1592998923229.0,1592998927521.554
1592998927513.0,1592998927395.0,1592998927564.0,1592998930832.248
1592998930858.0,1592998930714.0,1592998930874.0,1592998933892.858
1592998933917.0,1592998933809.0,1592998933937.0,1592998936597.379
1592998936597.0,1592998936495.0,1592998936639.0,1592998938144.397
1592998938133.0,1592998938078.0,0,0
1592998938181.0,1592998938095.0,0,0
1592998938235.0,1592998938168.0,0,0
1592998938286.0,1592998938195.0,0,0
1592998938334.0,1592998938257.0,1592998938355.0,1592998939006.9958
1592998939017.0,1592998938968.0,1592998939049.0,1592998939986.9722
1592998939960.0,1592998939895.0,1592998940030.0,1592998941776.063
1592998941791.0,1592998941695.0,1592998941818.0,1592998943652.707
1592998943648.0,1592998943569.0,1592998943695.0,1592998946156.089
1592998946132.0,1592998946049.0,1592998946199.0,1592998947952.388
1592998947969.0,1592998947884.0,1592998947996.0,1592998950171.942
1592998950161.0,1592998950095.0,1592998950215.0,1592998955364.24
1592998955350.0,1592998955295.0,1592998955407.0,1592998958463.0662
1592998958465.0,1592998958355.0,0,0
1592998958516.0,1592998958395.0,0,0
1592998958564.0,1592998958491.0,1592998958590.0,1592998959498.485
1592998959513.0,1592998959420.0,1592998959544.0,1592998960417.9321
1592998960406.0,1592998960294.0,1592998960460.0,1592998960992.186
1592998961018.0,1592998960924.0,1592998961035.0,1592998961677.646
1592998961695.0,1592998961592.0,1592998961720.0,1592998962425.719
1592998962426.0,1592998962353.0,0,0
1592998962480.0,1592998962394.0,0,0
1592998962529.0,1592998962442.0,1592998962550.0,1592998964087.276
1592998964103.0,1592998963994.0,1592998964129.0,1592998964666.6328
1592998964683.0,1592998964594.0,1592998964710.0,1592998965448.384
1592998965429.0,1592998965331.0,0,0
1592998965481.0,1592998965374.0,0,0
1592998965540.0,1592998965417.0,0,0
1592998965594.0,1592998965417.0,0,0
1592998965646.0,1592998965592.0,1592998965662.0,1592998966529.561
1592998966546.0,1592998966404.0,0,0
1592998966595.0,1592998966494.0,0,0
1592998966644.0,1592998966591.0,1592998966655.0,1592998967725.2742
1592998967711.0,1592998967594.0,1592998967768.0,1592998969096.994
1592998969106.0,1592998968994.0,0,0
1592998969160.0,1592998969086.0,1592998969184.0,1592998971196.865
1592998971213.0,1592998971128.0,1592998971240.0,1592998972665.678
1592998972662.0,1592998972594.0,1592998972709.0,1592998975048.6702
1592998975074.0,1592998974954.0,1592998975091.0,1592998976980.0142
1592998976963.0,1592998976875.0,1592998977025.0,1592998978171.298
1592998978168.0,1592998978094.0,1592998978215.0,1592998979498.636
1592998979505.0,1592998979394.0,1592998979541.0,1592998980689.6301
1592998980679.0,1592998980547.0,1592998980733.0,1592998981327.32
1592998981316.0,1592998981255.0,1592998981371.0,1592998981930.6282
1592998981920.0,1592998981827.0,1592998981973.0,1592998982668.02
1592998982663.0,1592998982584.0,0,0
1592998982715.0,1592998982628.0,1592998982752.0,1592998983777.822
1592998983797.0,1592998983694.0,1592998983821.0,1592998985230.8892
1592998985263.0,1592998985194.0,0,0
1592998985309.0,1592998985194.0,0,0
1592998985362.0,1592998985291.0,0,0
1592998985415.0,1592998985334.0,1592998985431.0,1592998986159.2559
1592998986187.0,1592998986088.0,0,0
1592998986235.0,1592998986088.0,0,0
1592998986282.0,1592998986175.0,0,0
1592998986329.0,1592998986219.0,1592998986339.0,1592998987164.034
1592998987155.0,1592998987094.0,1592998987206.0,1592998988895.23
1592998988915.0,1592998988832.0,1592998988937.0,1592998990802.499
1592998990799.0,1592998990694.0,0,0
1592998990852.0,1592998990785.0,1592998990886.0,1592998991956.42
1592998991989.0,1592998991894.0,1592998991999.0,1592998995756.226
1592998995748.0,1592998995688.0,0,0
1592998995805.0,1592998995693.0,0,0
1592998995858.0,1592998995777.0,1592998995884.0,1592998998573.063
1592998998554.0,1592998998478.0,1592998998617.0,1592999000355.857
1592999000366.0,1592999000284.0,1592999000398.0,1592999001332.792
1592999001343.0,1592999001269.0,1592999001376.0,1592999003577.795
1592999003599.0,1592999003493.0,1592999003620.0,1592999005760.043
1592999005750.0,1592999005679.0,1592999005802.0,1592999009087.6902
1592999009078.0,1592999008993.0,1592999009130.0,1592999010951.738
1592999010964.0,1592999010880.0,1592999010997.0,1592999012897.814
1592999012897.0,1592999012793.0,1592999012940.0,1592999014578.687
1592999014574.0,1592999014470.0,1592999014621.0,1592999015550.574
1592999015552.0,1592999015443.0,1592999015594.0,1592999016044.2878
1592999016050.0,1592999015977.0,0,0
1592999016099.0,1592999015977.0,0,0
1592999016152.0,1592999016066.0,0,0
1592999016206.0,1592999016066.0,0,0
1592999016259.0,1592999016193.0,1592999016285.0,1592999016767.975
1592999016784.0,1592999016693.0,0,0
1592999016831.0,1592999016745.0,1592999016852.0,1592999017592.659
1592999017603.0,1592999017493.0,1592999017635.0,1592999018330.447
1592999018353.0,1592999018266.0,1592999018373.0,1592999019055.6099
1592999019033.0,1592999018892.0,1592999019098.0,1592999020808.798
1592999020801.0,1592999020693.0,1592999020852.0,1592999021677.157
1592999021677.0,1592999021593.0,1592999021719.0,1592999022256.144
1592999022253.0,1592999022188.0,0,0
1592999022305.0,1592999022193.0,0,0
1592999022362.0,1592999022232.0,1592999022381.0,1592999023136.06
1592999023156.0,1592999023071.0,1592999023178.0,1592999024279.9521
1592999024293.0,1592999024193.0,1592999024322.0,1592999025397.6182
1592999025425.0,1592999025365.0,1592999025440.0,1592999026764.236
1592999026758.0,1592999026693.0,0,0
1592999026811.0,1592999026740.0,1592999026851.0,1592999028577.355
1592999028591.0,1592999028493.0,1592999028620.0,1592999030787.6912
1592999030804.0,1592999030693.0,1592999030830.0,1592999032256.1208
1592999032242.0,1592999032191.0,1592999032302.0,1592999034266.784
1592999034256.0,1592999034175.0,0,0
1592999034304.0,1592999034193.0,0,0
1592999034361.0,1592999034262.0,1592999034396.0,1592999035252.135
1592999035251.0,1592999035184.0,0,0
1592999035301.0,1592999035193.0,0,0
1592999035353.0,1592999035273.0,1592999035378.0,1592999036666.6602
1592999036649.0,1592999036592.0,0,0
1592999036696.0,1592999036592.0,0,0
1592999036749.0,1592999036688.0,1592999036790.0,1592999038125.7651
1592999038151.0,1592999038067.0,1592999038170.0,1592999039464.237
1592999039490.0,1592999039392.0,1592999039507.0,1592999041751.964
1592999041759.0,1592999041687.0,1592999041794.0,1592999042877.013
1592999042898.0,1592999042792.0,1592999042920.0,1592999044018.7458
1592999043996.0,1592999043892.0,1592999044064.0,1592999044836.518
1592999044837.0,1592999044788.0,0,0
1592999044897.0,1592999044792.0,0,0
1592999044951.0,1592999044878.0,0,0
1592999045004.0,1592999044892.0,0,0
1592999045057.0,1592999044967.0,1592999045073.0,1592999045978.7358
1592999045973.0,1592999045892.0,0,0
1592999046022.0,1592999045894.0,1592999046062.0,1592999046981.044
1592999046988.0,1592999046890.0,1592999047025.0,1592999047860.338
1592999047833.0,1592999047745.0,1592999047905.0,1592999048375.545
1592999048376.0,1592999048286.0,1592999048417.0,1592999049005.568
1592999049005.0,1592999048893.0,1592999049047.0,1592999049631.391
1592999049653.0,1592999049557.0,1592999049675.0,1592999050592.6052
1592999050602.0,1592999050492.0,1592999050635.0,1592999051432.126
1592999051404.0,1592999051292.0,1592999051474.0,1592999051964.118
1592999051966.0,1592999051893.0,0,0
1592999052014.0,1592999051940.0,1592999052047.0,1592999052597.788
1592999052605.0,1592999052493.0,1592999052641.0,1592999053664.051
1592999053686.0,1592999053592.0,1592999053707.0,1592999054388.109
1592999054413.0,1592999054322.0,1592999054431.0,1592999054883.8552
1592999054914.0,1592999054818.0,1592999054927.0,1592999057035.887
1592999057055.0,1592999056973.0,1592999057078.0,1592999058582.619
1592999058606.0,1592999058497.0,0,0
1592999058655.0,1592999058586.0,0,0
1592999058707.0,1592999058630.0,1592999058725.0,1592999059640.2258
1592999059650.0,1592999059580.0,1592999059684.0,1592999061735.897
1592999061745.0,1592999061669.0,1592999061778.0,1592999064906.995
1592999064916.0,1592999064792.0,1592999064951.0,1592999066863.8862
1592999066855.0,1592999066792.0,1592999066907.0,1592999068842.661
1592999068865.0,1592999068771.0,0,0
1592999068916.0,1592999068814.0,1592999068928.0,1592999070564.209
1592999070569.0,1592999070492.0,1592999070607.0,1592999071874.014
1592999071886.0,1592999071792.0,1592999071916.0,1592999073160.65
1592999073173.0,1592999073090.0,1592999073204.0,1592999074574.7969
1592999074584.0,1592999074492.0,1592999074618.0,1592999075924.9019
1592999075933.0,1592999075824.0,1592999075968.0,1592999076805.1719
1592999076831.0,1592999076753.0,1592999076848.0,1592999077660.1729
1592999077681.0,1592999077589.0,1592999077704.0,1592999078547.555
1592999078536.0,1592999078478.0,0,0
1592999078583.0,1592999078478.0,0,0
1592999078637.0,1592999078523.0,1592999078673.0,1592999079528.61
1592999079522.0,1592999079414.0,1592999079572.0,1592999080488.344
1592999080497.0,1592999080392.0,1592999080531.0,1592999081359.915
1592999081384.0,1592999081292.0,1592999081402.0,1592999082059.091
1592999082066.0,1592999081979.0,0,0
1592999082120.0,1592999082023.0,0,0
1592999082170.0,1592999082092.0,0,0
1592999082218.0,1592999082156.0,1592999082229.0,1592999083683.814
1592999083685.0,1592999083592.0,1592999083727.0,1592999084918.945
1592999084905.0,1592999084792.0,0,0
1592999084959.0,1592999084892.0,0,0
1592999085010.0,1592999084902.0,1592999085043.0,1592999085939.929
1592999085948.0,1592999085830.0,1592999085982.0,1592999086890.589
1592999086899.0,1592999086792.0,1592999086933.0,1592999089098.001
1592999089117.0,1592999089057.0,1592999089141.0,1592999091256.188
1592999091241.0,1592999091180.0,1592999091300.0,1592999093060.167
1592999093078.0,1592999092992.0,1592999093102.0,1592999095672.639
1592999095694.0,1592999095591.0,1592999095716.0,1592999097932.045
1592999097943.0,1592999097876.0,1592999097974.0,1592999099473.5679
1592999099453.0,1592999099374.0,1592999099515.0,1592999100860.334
1592999100854.0,1592999100791.0,1592999100904.0,1592999102377.23
